,Date,High,Low,Open,Close,Volume
0,2019-01-02,39.71,38.56,38.72,39.48,148158800.0
1,2019-01-03,36.43,35.5,35.99,35.55,365248800.0
2,2019-01-04,37.14,35.95,36.13,37.06,234428400.0
3,2019-01-07,37.21,36.47,37.17,36.98,219111200.0
4,2019-01-08,37.96,37.13,37.39,37.69,164101200.0
5,2019-01-09,38.63,37.41,37.82,38.33,180396400.0
6,2019-01-10,38.49,37.72,38.12,38.45,143122800.0
7,2019-01-11,38.42,37.88,38.22,38.07,108092800.0
8,2019-01-14,37.82,37.31,37.71,37.5,129756800.0
9,2019-01-15,38.35,37.51,37.57,38.27,114843600.0
10,2019-01-16,38.97,38.25,38.27,38.74,122278800.0
11,2019-01-17,39.42,38.31,38.55,38.97,119284800.0
12,2019-01-18,39.47,38.99,39.38,39.21,135004000.0
13,2019-01-22,39.18,38.15,39.1,38.33,121576000.0
14,2019-01-23,38.78,37.92,38.54,38.48,92522400.0
15,2019-01-24,38.62,37.94,38.53,38.17,101766000.0
16,2019-01-25,39.53,38.58,38.87,39.44,134142000.0
17,2019-01-28,39.08,38.42,38.95,39.08,104768400.0
18,2019-01-29,39.53,38.53,39.06,38.67,166348800.0
19,2019-01-30,41.54,40.06,40.81,41.31,244439200.0
20,2019-01-31,42.25,41.14,41.53,41.61,162958400.0
21,2019-02-01,42.24,41.48,41.74,41.63,130672400.0
22,2019-02-04,42.92,41.82,41.85,42.81,125982000.0
23,2019-02-05,43.77,43.09,43.22,43.54,144406400.0
24,2019-02-06,43.89,43.21,43.66,43.56,112958400.0
25,2019-02-07,43.49,42.58,43.1,42.74,126966800.0
26,2019-02-08,42.67,42.1,42.25,42.6,95280000.0
27,2019-02-11,42.8,42.31,42.76,42.36,83973600.0
28,2019-02-12,42.75,42.42,42.53,42.72,89134000.0
29,2019-02-13,43.12,42.48,42.85,42.54,89960800.0
30,2019-02-14,42.81,42.35,42.43,42.7,87342800.0
31,2019-02-15,42.92,42.44,42.81,42.6,98507200.0
32,2019-02-19,42.86,42.37,42.43,42.73,75891200.0
33,2019-02-20,43.33,42.75,42.8,43.01,104457600.0
34,2019-02-21,43.09,42.58,42.95,42.76,68998800.0
35,2019-02-22,43.25,42.85,42.9,43.24,75652800.0
36,2019-02-25,43.97,43.49,43.54,43.56,87493600.0
37,2019-02-26,43.83,43.29,43.43,43.58,68280800.0
38,2019-02-27,43.75,43.18,43.3,43.72,111341600.0
39,2019-02-28,43.73,43.23,43.58,43.29,112861600.0
40,2019-03-01,43.79,43.22,43.57,43.74,103544800.0
41,2019-03-04,44.44,43.49,43.92,43.96,109744800.0
42,2019-03-05,44.0,43.63,43.99,43.88,78949600.0
43,2019-03-06,43.87,43.49,43.67,43.63,83241600.0
44,2019-03-07,43.61,43.01,43.47,43.12,99185600.0
45,2019-03-08,43.27,42.38,42.58,43.23,95997600.0
46,2019-03-11,44.78,43.84,43.87,44.72,128044000.0
47,2019-03-12,45.67,44.84,45.0,45.23,129870400.0
48,2019-03-13,45.83,45.23,45.56,45.43,124130000.0
49,2019-03-14,46.03,45.64,45.97,45.93,94318000.0
50,2019-03-15,46.83,45.94,46.21,46.53,156171600.0
51,2019-03-18,47.1,46.45,46.45,47.01,104879200.0
52,2019-03-19,47.25,46.48,47.09,46.63,126585600.0
53,2019-03-20,47.37,46.18,46.56,47.04,124140800.0
54,2019-03-21,49.08,47.45,47.51,48.77,204136800.0
55,2019-03-22,49.42,47.69,48.83,47.76,169630800.0
56,2019-03-25,47.99,46.65,47.88,47.19,175381200.0
57,2019-03-26,48.22,46.15,47.92,46.7,199202000.0
58,2019-03-27,47.44,46.64,47.19,47.12,119393600.0
59,2019-03-28,47.39,46.88,47.24,47.18,83121600.0
60,2019-03-29,47.52,47.13,47.46,47.49,94256000.0
61,2019-04-01,47.92,47.1,47.91,47.81,111448000.0
62,2019-04-02,48.62,47.76,47.77,48.51,91062800.0
63,2019-04-03,49.12,48.29,48.31,48.84,93087200.0
64,2019-04-04,49.09,48.28,48.7,48.92,76457200.0
65,2019-04-05,49.28,48.98,49.11,49.25,74106400.0
66,2019-04-08,50.06,49.08,49.1,50.03,103526800.0
67,2019-04-09,50.71,49.81,50.08,49.88,143072800.0
68,2019-04-10,50.19,49.54,49.67,50.15,86781200.0
69,2019-04-11,50.25,49.61,50.21,49.74,83603200.0
70,2019-04-12,50.03,49.05,49.8,49.72,111042800.0
71,2019-04-15,49.96,49.5,49.65,49.81,70146400.0
72,2019-04-16,50.34,49.64,49.87,49.81,102785600.0
73,2019-04-17,50.85,49.65,49.88,50.78,115627200.0
74,2019-04-18,51.04,50.63,50.78,50.97,96783200.0
75,2019-04-22,51.24,50.58,50.71,51.13,77758000.0
76,2019-04-23,51.94,50.97,51.11,51.87,93292000.0
77,2019-04-24,52.12,51.76,51.84,51.79,70162400.0
78,2019-04-25,51.94,51.28,51.71,51.32,74172800.0
79,2019-04-26,51.25,50.53,51.22,51.08,74596400.0
80,2019-04-29,51.49,50.97,51.1,51.15,88818800.0
81,2019-04-30,50.85,49.78,50.76,50.17,186139600.0
82,2019-05-01,53.83,52.31,52.47,52.63,259309200.0
83,2019-05-02,53.16,52.03,52.46,52.29,127985200.0
84,2019-05-03,52.96,52.56,52.72,52.94,83569600.0
85,2019-05-06,52.21,50.88,51.07,52.12,129772400.0
86,2019-05-07,51.85,50.21,51.47,50.72,155054800.0
87,2019-05-08,51.33,50.44,50.47,50.72,105358000.0
88,2019-05-09,50.42,49.17,50.1,50.18,139634400.0
89,2019-05-10,49.71,48.19,49.35,49.29,164834800.0
90,2019-05-13,47.37,45.71,46.93,46.43,229722400.0
91,2019-05-14,47.42,46.35,46.6,47.17,146118800.0
92,2019-05-15,47.94,46.51,46.57,47.73,106178800.0
93,2019-05-16,48.12,47.21,47.48,47.52,132125600.0
94,2019-05-17,47.72,46.69,46.73,47.25,131516400.0
95,2019-05-20,46.09,45.07,45.88,45.77,154449200.0
96,2019-05-21,47.0,46.17,46.31,46.65,113459200.0
97,2019-05-22,46.43,45.64,46.17,45.69,118994400.0
98,2019-05-23,45.13,44.45,44.95,44.92,146118800.0
99,2019-05-24,45.53,44.65,45.05,44.74,94858800.0
100,2019-05-28,45.15,44.48,44.73,44.56,111792800.0
101,2019-05-29,44.84,44.0,44.1,44.35,113924800.0
102,2019-05-30,44.81,44.17,44.49,44.58,84873600.0
103,2019-05-31,44.5,43.75,44.06,43.77,108174400.0
104,2019-06-03,44.48,42.57,43.9,43.33,161584400.0
105,2019-06-04,44.96,43.63,43.86,44.91,123872000.0
106,2019-06-05,46.25,45.28,46.07,45.63,119093600.0
107,2019-06-06,46.37,45.54,45.77,46.31,90105200.0
108,2019-06-07,47.98,46.44,46.63,47.54,122737600.0
109,2019-06-10,48.84,47.9,47.95,48.15,104883600.0
110,2019-06-11,49.0,48.4,48.72,48.7,107731600.0
111,2019-06-12,48.99,48.35,48.49,48.55,73012800.0
112,2019-06-13,49.2,48.4,48.67,48.54,86698400.0
113,2019-06-14,48.4,47.58,47.89,48.19,75046000.0
114,2019-06-17,48.74,48.04,48.22,48.47,58676400.0
115,2019-06-18,50.07,48.8,49.01,49.61,106204000.0
116,2019-06-19,49.97,49.33,49.92,49.47,84496800.0
117,2019-06-20,50.15,49.51,50.09,49.87,86056000.0
118,2019-06-21,50.21,49.54,49.7,49.69,191202400.0
119,2019-06-24,50.04,49.54,49.63,49.65,72881600.0
120,2019-06-25,49.81,48.82,49.61,48.89,84281200.0
121,2019-06-26,50.25,49.34,49.44,49.95,104270000.0
122,2019-06-27,50.39,49.89,50.07,49.94,83598800.0
123,2019-06-28,49.88,49.26,49.67,49.48,124442400.0
124,2019-07-01,51.12,50.16,50.79,50.39,109012000.0
125,2019-07-02,50.78,50.34,50.35,50.68,67740800.0
126,2019-07-03,51.11,50.67,50.82,51.1,45448000.0
127,2019-07-05,51.27,50.72,50.84,51.06,69062000.0
128,2019-07-08,50.35,49.6,50.2,50.01,101354400.0
129,2019-07-09,50.38,49.7,49.8,50.31,82312000.0
130,2019-07-10,50.93,50.39,50.46,50.81,71588400.0
131,2019-07-11,51.1,50.43,50.83,50.44,80767200.0
132,2019-07-12,51.0,50.55,50.61,50.83,70380800.0
133,2019-07-15,51.47,51.0,51.02,51.3,67789600.0
134,2019-07-16,51.53,50.88,51.15,51.12,67467200.0
135,2019-07-17,51.27,50.82,51.01,50.84,56430000.0
136,2019-07-18,51.47,50.92,51.0,51.42,74162400.0
137,2019-07-19,51.62,50.59,51.45,50.65,83717200.0
138,2019-07-22,51.81,50.9,50.91,51.81,89111600.0
139,2019-07-23,52.23,51.82,52.12,52.21,73420800.0
140,2019-07-24,52.29,51.79,51.92,52.17,59966400.0
141,2019-07-25,52.31,51.68,52.22,51.76,55638400.0
142,2019-07-26,52.43,51.78,51.87,51.94,70475600.0
143,2019-07-29,52.66,52.11,52.12,52.42,86693600.0
144,2019-07-30,52.54,51.83,52.19,52.19,135742800.0
145,2019-07-31,55.34,52.83,54.1,53.26,277125600.0
146,2019-08-01,54.51,51.69,53.47,52.11,216071600.0
147,2019-08-02,51.61,50.41,51.38,51.01,163448400.0
148,2019-08-05,49.66,48.15,49.5,48.33,209572000.0
149,2019-08-06,49.52,48.51,49.08,49.25,143299200.0
150,2019-08-07,49.89,48.46,48.85,49.76,133457600.0
151,2019-08-08,50.88,49.85,50.05,50.86,108038000.0
152,2019-08-09,50.69,49.82,50.33,50.25,98478800.0
153,2019-08-12,50.51,49.79,49.9,50.12,89927600.0
154,2019-08-13,53.03,50.12,50.26,52.24,188874000.0
155,2019-08-14,51.61,50.65,50.79,50.69,146189600.0
156,2019-08-15,51.28,49.92,50.87,50.44,108909600.0
157,2019-08-16,51.79,50.96,51.07,51.62,110481600.0
158,2019-08-19,53.18,52.51,52.65,52.59,97654400.0
159,2019-08-20,53.34,52.58,52.72,52.59,107537200.0
160,2019-08-21,53.41,52.9,53.25,53.16,86141600.0
161,2019-08-22,53.61,52.69,53.3,53.12,89014800.0
162,2019-08-23,53.01,50.25,52.36,50.66,187272000.0
163,2019-08-26,51.8,51.26,51.47,51.62,104174400.0
164,2019-08-27,52.14,50.88,51.97,51.04,103493200.0
165,2019-08-28,51.43,50.83,51.03,51.38,63755200.0
166,2019-08-29,52.33,51.67,52.12,52.25,83962000.0
167,2019-08-30,52.61,51.8,52.54,52.19,84573600.0
168,2019-09-03,51.74,51.06,51.61,51.42,80092000.0
169,2019-09-04,52.37,51.83,52.1,52.3,76752400.0
170,2019-09-05,53.49,52.88,53.0,53.32,95654800.0
171,2019-09-06,53.6,53.13,53.51,53.31,77449200.0
172,2019-09-09,54.11,52.77,53.71,53.54,109237600.0
173,2019-09-10,54.19,52.93,53.47,54.17,127111600.0
174,2019-09-11,55.93,54.43,54.52,55.9,177158400.0
175,2019-09-12,56.6,55.72,56.2,55.77,128906800.0
176,2019-09-13,55.2,54.26,55.0,54.69,159053200.0
177,2019-09-16,55.03,54.39,54.43,54.97,84632400.0
178,2019-09-17,55.21,54.78,54.99,55.17,73274800.0
179,2019-09-18,55.71,54.86,55.26,55.69,101360000.0
180,2019-09-19,55.94,55.09,55.5,55.24,88242400.0
181,2019-09-20,55.64,54.37,55.35,54.43,221652400.0
182,2019-09-23,54.96,54.41,54.74,54.68,76662000.0
183,2019-09-24,55.62,54.3,55.26,54.42,124763200.0
184,2019-09-25,55.38,54.28,54.64,55.26,87613600.0
185,2019-09-26,55.24,54.71,55.0,54.97,75334000.0
186,2019-09-27,55.24,54.32,55.13,54.71,101408000.0
187,2019-09-30,56.15,55.2,55.22,55.99,103909600.0
188,2019-10-01,57.06,56.05,56.27,56.15,139223200.0
189,2019-10-02,55.9,54.48,55.76,54.74,138449200.0
190,2019-10-03,55.24,53.78,54.61,55.21,114426000.0
191,2019-10-04,56.87,55.97,56.41,56.75,138478800.0
192,2019-10-07,57.48,56.46,56.57,56.76,122306000.0
193,2019-10-08,57.01,56.08,56.46,56.1,111820000.0
194,2019-10-09,56.95,56.41,56.76,56.76,74770400.0
195,2019-10-10,57.61,56.83,56.98,57.52,113013600.0
196,2019-10-11,59.41,58.08,58.24,59.05,166795600.0
197,2019-10-14,59.53,58.67,58.72,58.97,96427600.0
198,2019-10-15,59.41,58.72,59.1,58.83,87360000.0
199,2019-10-16,58.81,58.3,58.34,58.59,73903200.0
200,2019-10-17,59.04,58.38,58.77,58.82,67585200.0
201,2019-10-18,59.4,58.57,58.65,59.1,97433600.0
202,2019-10-21,60.25,59.33,59.38,60.13,87247200.0
203,2019-10-22,60.55,59.9,60.29,59.99,82293600.0
204,2019-10-23,60.81,60.31,60.53,60.79,75828800.0
205,2019-10-24,61.2,60.45,61.13,60.9,69275200.0
206,2019-10-25,61.68,60.72,60.79,61.65,73477200.0
207,2019-10-28,62.31,61.68,61.85,62.26,96572800.0
208,2019-10-29,62.44,60.64,62.24,60.82,142839600.0
209,2019-10-30,61.33,60.3,61.19,60.81,124522000.0
210,2019-10-31,62.29,59.31,61.81,62.19,139162000.0
211,2019-11-01,63.98,62.29,62.38,63.96,151125200.0
212,2019-11-04,64.46,63.85,64.33,64.38,103272000.0
213,2019-11-05,64.55,64.08,64.26,64.28,79897600.0
214,2019-11-06,64.37,63.84,64.19,64.31,75864400.0
215,2019-11-07,65.09,64.53,64.68,64.86,94940400.0
216,2019-11-08,65.11,64.21,64.67,65.04,69986400.0
217,2019-11-11,65.62,64.57,64.57,65.55,81821200.0
218,2019-11-12,65.7,65.23,65.39,65.49,87388800.0
219,2019-11-13,66.19,65.27,65.28,66.12,102734400.0
220,2019-11-14,66.22,65.53,65.94,65.66,89182800.0
221,2019-11-15,66.44,65.75,65.92,66.44,100206400.0
222,2019-11-18,66.86,66.06,66.45,66.78,86703200.0
223,2019-11-19,67.0,66.35,66.97,66.57,76167200.0
224,2019-11-20,66.52,65.1,66.39,65.8,106234400.0
225,2019-11-21,66.0,65.29,65.92,65.5,121395200.0
226,2019-11-22,65.79,65.21,65.65,65.44,65325200.0
227,2019-11-25,66.61,65.63,65.68,66.59,84020400.0
228,2019-11-26,66.79,65.62,66.74,66.07,105207600.0
229,2019-11-27,67.0,66.33,66.39,66.96,65235600.0
230,2019-11-29,67.0,66.47,66.65,66.81,46617600.0
231,2019-12-02,67.06,65.86,66.82,66.04,94487200.0
232,2019-12-03,64.88,64.07,64.58,64.86,114430400.0
233,2019-12-04,65.83,65.17,65.27,65.43,67181600.0
234,2019-12-05,66.47,65.68,65.95,66.39,74424400.0
235,2019-12-06,67.75,66.82,66.87,67.68,106075600.0
236,2019-12-09,67.7,66.23,67.5,66.73,128042400.0
237,2019-12-10,67.52,66.46,67.15,67.12,90420400.0
238,2019-12-11,67.78,67.12,67.2,67.69,78756800.0
239,2019-12-12,68.14,66.83,66.94,67.86,137310400.0
240,2019-12-13,68.82,67.73,67.86,68.79,133587600.0
241,2019-12-16,70.2,69.25,69.25,69.96,128186000.0
242,2019-12-17,70.44,69.7,69.89,70.1,114158400.0
243,2019-12-18,70.47,69.78,69.95,69.93,116028400.0
244,2019-12-19,70.29,69.74,69.88,70.0,98369200.0
245,2019-12-20,70.66,69.64,70.56,69.86,275978000.0
246,2019-12-23,71.06,70.09,70.13,71.0,98572000.0
247,2019-12-24,71.22,70.73,71.17,71.07,48478800.0
248,2019-12-26,72.5,71.18,71.21,72.48,93121200.0
249,2019-12-27,73.49,72.03,72.78,72.45,146266000.0
250,2019-12-30,73.17,71.31,72.36,72.88,144114400.0
251,2019-12-31,73.42,72.38,72.48,73.41,100805600.0
252,2020-01-02,75.15,73.8,74.06,75.09,135480400.0
253,2020-01-03,75.14,74.12,74.29,74.36,146322800.0
254,2020-01-06,74.99,73.19,73.45,74.95,118387200.0
255,2020-01-07,75.22,74.37,74.96,74.6,108872000.0
256,2020-01-08,76.11,74.29,74.29,75.8,132079200.0
257,2020-01-09,77.61,76.55,76.81,77.41,170108400.0
258,2020-01-10,78.17,77.06,77.65,77.58,140644800.0
259,2020-01-13,79.27,77.79,77.91,79.24,121532000.0
260,2020-01-14,79.39,78.04,79.18,78.17,161954400.0
261,2020-01-15,78.88,77.39,77.96,77.83,121923600.0
262,2020-01-16,78.93,78.02,78.4,78.81,108829200.0
263,2020-01-17,79.68,78.75,79.07,79.68,137816400.0
264,2020-01-21,79.75,79.0,79.3,79.14,110843200.0
265,2020-01-22,80.0,79.33,79.64,79.43,101832400.0
266,2020-01-23,79.89,78.91,79.48,79.81,104472000.0
267,2020-01-24,80.83,79.38,80.06,79.58,146537600.0
268,2020-01-27,77.94,76.22,77.51,77.24,161940000.0
269,2020-01-28,79.6,78.05,78.15,79.42,162234000.0
270,2020-01-29,81.96,80.35,81.11,81.08,216229200.0
271,2020-01-30,81.02,79.69,80.14,80.97,126743200.0
272,2020-01-31,80.67,77.07,80.23,77.38,199588400.0
273,2020-02-03,78.37,75.56,76.07,77.17,173788400.0
274,2020-02-04,79.91,78.41,78.83,79.71,136616400.0
275,2020-02-05,81.19,79.74,80.88,80.36,118826800.0
276,2020-02-06,81.31,80.07,80.64,81.3,105425600.0
277,2020-02-07,80.85,79.5,80.59,80.01,117684000.0
278,2020-02-10,80.39,78.46,78.54,80.39,109348800.0
279,2020-02-11,80.97,79.68,80.9,79.9,94323200.0
280,2020-02-12,81.81,80.37,80.37,81.8,113730400.0
281,2020-02-13,81.56,80.84,81.05,81.22,94747600.0
282,2020-02-14,81.5,80.71,81.18,81.24,80113600.0
283,2020-02-18,79.94,78.65,78.84,79.75,152531200.0
284,2020-02-19,81.14,80.0,80.0,80.9,93984000.0
285,2020-02-20,81.16,79.55,80.66,80.07,100566000.0
286,2020-02-21,80.11,77.62,79.65,78.26,129554000.0
287,2020-02-24,76.04,72.31,74.32,74.54,222195200.0
288,2020-02-25,75.63,71.53,75.24,72.02,230673600.0
289,2020-02-26,74.47,71.62,71.63,73.16,198054800.0
290,2020-02-27,71.5,68.24,70.28,68.38,320605600.0
291,2020-02-28,69.6,64.09,64.32,68.34,426510000.0
292,2020-03-02,75.36,69.43,70.57,74.7,341397200.0
293,2020-03-03,76.0,71.45,75.92,72.33,319475600.0
294,2020-03-04,75.85,73.28,74.11,75.68,219178400.0
295,2020-03-05,74.89,72.85,73.88,73.23,187572800.0
296,2020-03-06,72.71,70.31,70.5,72.26,226176800.0
297,2020-03-09,69.52,65.75,65.94,66.54,286744800.0
298,2020-03-10,71.61,67.34,69.29,71.33,285290000.0
299,2020-03-11,70.31,67.96,69.35,68.86,255598800.0
300,2020-03-12,67.5,62.0,63.99,62.06,418474000.0
301,2020-03-13,69.98,63.24,66.22,69.49,370732000.0
302,2020-03-16,64.77,60.0,60.49,60.55,322423600.0
303,2020-03-17,64.4,59.6,61.88,63.22,324056000.0
304,2020-03-18,62.5,59.28,59.94,61.67,300233600.0
305,2020-03-19,63.21,60.65,61.85,61.19,271857200.0
306,2020-03-20,62.96,57.0,61.79,57.31,401693200.0
307,2020-03-23,57.12,53.15,57.02,56.09,336752800.0
308,2020-03-24,61.92,58.58,59.09,61.72,287531200.0
309,2020-03-25,64.56,61.08,62.69,61.38,303602000.0
310,2020-03-26,64.67,61.59,61.63,64.61,252087200.0
311,2020-03-27,63.97,61.76,63.19,61.94,204216800.0
312,2020-03-30,63.88,62.35,62.69,63.7,167976400.0
313,2020-03-31,65.62,63.0,63.9,63.57,197002000.0
314,2020-04-01,62.18,59.78,61.62,60.23,176218400.0
315,2020-04-02,61.29,59.22,60.08,61.23,165934000.0
316,2020-04-03,61.42,59.74,60.7,60.35,129880000.0
317,2020-04-06,65.78,62.35,62.72,65.62,201820400.0
318,2020-04-07,67.93,64.75,67.7,64.86,202887200.0
319,2020-04-08,66.84,65.31,65.68,66.52,168895200.0
320,2020-04-09,67.52,66.18,67.18,67.0,161834800.0
321,2020-04-13,68.43,66.46,67.08,68.31,131022800.0
322,2020-04-14,72.06,69.51,70.0,71.76,194994800.0
323,2020-04-15,71.58,70.16,70.6,71.11,131154400.0
324,2020-04-16,72.05,70.59,71.85,71.67,157125200.0
325,2020-04-17,71.74,69.21,71.17,70.7,215250000.0
326,2020-04-20,70.42,69.21,69.49,69.23,130015200.0
327,2020-04-21,69.31,66.36,69.07,67.09,180991600.0
328,2020-04-22,69.47,68.05,68.4,69.03,116862400.0
329,2020-04-23,70.44,68.72,68.97,68.76,124814400.0
330,2020-04-24,70.75,69.25,69.3,70.74,126161200.0
331,2020-04-27,71.14,69.99,70.45,70.79,117087600.0
332,2020-04-28,71.46,69.55,71.27,69.64,112004800.0
333,2020-04-29,72.42,70.97,71.18,71.93,137280800.0
334,2020-04-30,73.63,72.09,72.49,73.45,183064000.0
335,2020-05-01,74.75,71.46,71.56,72.27,240616800.0
336,2020-05-04,73.42,71.58,72.29,73.29,133568000.0
337,2020-05-05,75.25,73.61,73.76,74.39,147751200.0
338,2020-05-06,75.81,74.72,75.11,75.16,142333600.0
339,2020-05-07,76.29,75.49,75.81,75.93,115215200.0
340,2020-05-08,77.59,76.07,76.41,77.53,133838400.0
341,2020-05-11,79.26,76.81,77.03,78.75,145946400.0
342,2020-05-12,79.92,77.73,79.46,77.85,162301200.0
343,2020-05-13,78.99,75.8,78.04,76.91,200622400.0
344,2020-05-14,77.45,75.38,76.13,77.39,158929200.0
345,2020-05-15,76.97,75.05,75.09,76.93,166348400.0
346,2020-05-18,79.12,77.58,78.29,78.74,135178400.0
347,2020-05-19,79.63,78.25,78.76,78.29,101729600.0
348,2020-05-20,79.88,79.13,79.17,79.81,111504800.0
349,2020-05-21,80.22,78.97,79.67,79.21,102688800.0
350,2020-05-22,79.81,78.84,78.94,79.72,81803200.0
351,2020-05-26,81.06,79.12,80.88,79.18,125522000.0
352,2020-05-27,79.68,78.27,79.04,79.53,112945200.0
353,2020-05-28,80.86,78.91,79.19,79.56,133560800.0
354,2020-05-29,80.29,79.12,79.81,79.49,153532400.0
355,2020-06-01,80.59,79.3,79.44,80.46,80791200.0
356,2020-06-02,80.86,79.73,80.19,80.83,87642800.0
357,2020-06-03,81.55,80.57,81.17,81.28,104491200.0
358,2020-06-04,81.4,80.19,81.1,80.58,87560400.0
359,2020-06-05,82.94,80.81,80.84,82.88,137250400.0
360,2020-06-08,83.4,81.83,82.56,83.36,95654400.0
361,2020-06-09,86.4,83.0,83.04,86.0,147712400.0
362,2020-06-10,88.69,86.52,86.97,88.21,166651600.0
363,2020-06-11,87.76,83.87,87.33,83.97,201662400.0
364,2020-06-12,86.95,83.56,86.18,84.7,200146000.0
365,2020-06-15,86.42,83.14,83.31,85.75,138808800.0
366,2020-06-16,88.3,86.18,87.86,88.02,165428800.0
367,2020-06-17,88.85,87.77,88.79,87.9,114406400.0
368,2020-06-18,88.36,87.31,87.85,87.93,96820400.0
369,2020-06-19,89.14,86.29,88.66,87.43,264476000.0
370,2020-06-22,89.86,87.79,87.83,89.72,135445200.0
371,2020-06-23,93.1,90.57,91.0,91.63,212155600.0
372,2020-06-24,92.2,89.63,91.25,90.01,192623200.0
373,2020-06-25,91.25,89.39,90.18,91.21,137522400.0
374,2020-06-26,91.33,88.25,91.1,88.41,205256800.0
375,2020-06-29,90.54,87.82,88.31,90.44,130646000.0
376,2020-06-30,91.5,90.0,90.02,91.2,140223200.0
377,2020-07-01,91.84,90.98,91.28,91.03,110737200.0
378,2020-07-02,92.62,90.91,91.96,91.03,114041600.0
379,2020-07-06,93.94,92.47,92.5,93.46,118655600.0
380,2020-07-07,94.65,93.06,93.85,93.17,112424400.0
381,2020-07-08,95.38,94.09,94.18,95.34,117092000.0
382,2020-07-09,96.32,94.67,96.26,95.75,125642800.0
383,2020-07-10,95.98,94.71,95.33,95.92,90257200.0
384,2020-07-13,99.96,95.26,97.26,95.48,191649200.0
385,2020-07-14,97.25,93.88,94.84,97.06,170989200.0
386,2020-07-15,99.25,96.49,98.99,97.72,153198000.0
387,2020-07-16,97.4,95.9,96.56,96.52,110577600.0
388,2020-07-17,97.15,95.84,96.99,96.33,92186800.0
389,2020-07-20,98.5,96.06,96.42,98.36,90318000.0
390,2020-07-21,99.25,96.74,99.17,97.0,103433200.0
391,2020-07-22,97.97,96.6,96.69,97.27,89001600.0
392,2020-07-23,97.08,92.01,97.0,92.85,197004400.0
393,2020-07-24,92.97,89.14,90.99,92.61,185438800.0
394,2020-07-27,94.9,93.48,93.71,94.81,121214000.0
395,2020-07-28,94.55,93.25,94.37,93.25,103625600.0
396,2020-07-29,95.23,93.71,93.75,95.04,90329200.0
397,2020-07-30,96.3,93.77,94.19,96.19,158130000.0
398,2020-07-31,106.42,100.82,102.89,106.26,374336800.0
399,2020-08-03,111.64,107.89,108.2,108.94,308151200.0
400,2020-08-04,110.79,108.39,109.13,109.67,173071600.0
401,2020-08-05,110.39,108.9,109.38,110.06,121776800.0
402,2020-08-06,114.41,109.8,110.4,113.9,202428800.0
403,2020-08-07,113.68,110.29,113.21,111.11,198045600.0
404,2020-08-10,113.78,110.0,112.6,112.73,212403600.0
405,2020-08-11,112.48,109.11,111.97,109.38,187902400.0
406,2020-08-12,113.28,110.3,110.5,113.01,165598000.0
407,2020-08-13,116.04,113.93,114.43,115.01,210082000.0
408,2020-08-14,115.0,113.04,114.83,114.91,165565200.0
409,2020-08-17,116.09,113.96,116.06,114.61,119561600.0
410,2020-08-18,116.0,114.01,114.35,115.56,105633600.0
411,2020-08-19,117.16,115.61,115.98,115.71,145538000.0
412,2020-08-20,118.39,115.73,115.75,118.28,126907200.0
413,2020-08-21,124.87,119.25,119.26,124.37,338054800.0
414,2020-08-24,128.79,123.94,128.7,125.86,345937600.0
415,2020-08-25,125.18,123.05,124.7,124.82,211495600.0
416,2020-08-26,126.99,125.08,126.18,126.52,163022400.0
417,2020-08-27,127.49,123.83,127.14,125.01,155552400.0
418,2020-08-28,126.44,124.58,126.01,124.81,187630000.0
419,2020-08-31,131.0,126.0,127.58,129.04,225702700.0
420,2020-09-01,134.8,130.53,132.76,134.18,151948100.0
421,2020-09-02,137.98,127.0,137.59,131.4,200119000.0
422,2020-09-03,128.84,120.5,126.91,120.88,257599600.0
423,2020-09-04,123.7,110.89,120.07,120.96,332607200.0
424,2020-09-08,118.99,112.68,113.95,112.82,231366600.0
425,2020-09-09,119.14,115.26,117.26,117.32,176940500.0
426,2020-09-10,120.5,112.5,120.36,113.49,182274400.0
427,2020-09-11,115.23,110.0,114.57,112.0,180860300.0
428,2020-09-14,115.93,112.8,114.72,115.36,140150100.0
429,2020-09-15,118.83,113.61,118.33,115.54,184642000.0
430,2020-09-16,116.0,112.04,115.23,112.13,154679000.0
431,2020-09-17,112.2,108.71,109.72,110.34,178011000.0
432,2020-09-18,110.88,106.09,110.4,106.84,287104900.0
433,2020-09-21,110.19,103.1,104.54,110.08,195713800.0
434,2020-09-22,112.86,109.16,112.68,111.81,183055400.0
435,2020-09-23,112.11,106.77,111.62,107.12,150718700.0
436,2020-09-24,110.25,105.0,105.17,108.22,167743300.0
437,2020-09-25,112.44,107.67,108.43,112.28,149981400.0
438,2020-09-28,115.32,112.78,115.01,114.96,137672400.0
439,2020-09-29,115.31,113.57,114.55,114.09,99382200.0
440,2020-09-30,117.26,113.62,113.79,115.81,142675200.0
441,2020-10-01,117.72,115.83,117.64,116.79,116120400.0
442,2020-10-02,115.37,112.22,112.89,113.02,144712000.0
443,2020-10-05,116.65,113.55,113.91,116.5,106243800.0
444,2020-10-06,116.12,112.25,115.7,113.16,161498200.0
445,2020-10-07,115.55,114.13,114.62,115.08,96849000.0
446,2020-10-08,116.4,114.59,116.25,114.97,83477200.0
447,2020-10-09,117.0,114.92,115.28,116.97,100506900.0
448,2020-10-12,125.18,119.28,120.06,124.4,240226800.0
449,2020-10-13,125.39,119.65,125.27,121.1,262330500.0
450,2020-10-14,123.03,119.62,121.0,121.19,150712000.0
451,2020-10-15,121.2,118.15,118.72,120.71,112559200.0
452,2020-10-16,121.55,118.81,121.28,119.02,115393800.0
453,2020-10-19,120.42,115.66,119.96,115.98,120639300.0
454,2020-10-20,118.98,115.63,116.2,117.51,124423700.0
455,2020-10-21,118.71,116.45,116.67,116.87,89946000.0
456,2020-10-22,118.04,114.59,117.45,115.75,101988000.0
457,2020-10-23,116.55,114.28,116.39,115.04,82572600.0
458,2020-10-26,116.55,112.88,114.01,115.05,111850700.0
459,2020-10-27,117.28,114.54,115.49,116.6,92276800.0
460,2020-10-28,115.43,111.1,115.05,111.2,143937800.0
461,2020-10-29,116.93,112.2,112.37,115.32,146129200.0
462,2020-10-30,111.99,107.72,111.06,108.86,190272600.0
463,2020-11-02,110.68,107.32,109.11,108.77,122866900.0
464,2020-11-03,111.49,108.73,109.66,110.44,107624400.0
465,2020-11-04,115.59,112.35,114.14,114.95,138235500.0
466,2020-11-05,119.62,116.87,117.95,119.03,126387100.0
467,2020-11-06,119.2,116.13,118.32,118.69,114457900.0
468,2020-11-09,121.99,116.05,120.5,116.32,154515300.0
469,2020-11-10,117.59,114.13,115.55,115.97,138023400.0
470,2020-11-11,119.63,116.44,117.19,119.49,112295000.0
471,2020-11-12,120.53,118.57,119.62,119.21,103162300.0
472,2020-11-13,119.67,117.87,119.44,119.26,81581900.0
473,2020-11-16,120.99,118.15,118.92,120.3,91183000.0
474,2020-11-17,120.67,118.96,119.55,119.39,74271000.0
475,2020-11-18,119.82,118.0,118.61,118.03,76322100.0
476,2020-11-19,119.06,116.81,117.59,118.64,74113000.0
477,2020-11-20,118.77,117.29,118.64,117.34,73604300.0
478,2020-11-23,117.62,113.75,117.18,113.85,127959300.0
479,2020-11-24,115.85,112.59,113.91,115.17,113874200.0
480,2020-11-25,116.75,115.17,115.55,116.03,76499200.0
481,2020-11-27,117.49,116.22,116.57,116.59,46691300.0
482,2020-11-30,120.97,116.81,116.97,119.05,169410200.0
483,2020-12-01,123.47,120.01,121.01,122.72,127728200.0
484,2020-12-02,123.37,120.89,122.02,123.08,89004200.0
485,2020-12-03,123.78,122.21,123.52,122.94,78967600.0
486,2020-12-04,122.86,121.52,122.6,122.25,78260400.0
487,2020-12-07,124.57,122.25,122.31,123.75,86712000.0
488,2020-12-08,124.98,123.09,124.37,124.38,82225500.0
489,2020-12-09,125.95,121.0,124.53,121.78,115089200.0
490,2020-12-10,123.87,120.15,120.5,123.24,81312200.0
491,2020-12-11,122.76,120.55,122.43,122.41,86939800.0
492,2020-12-14,123.35,121.54,122.6,121.78,79184500.0
493,2020-12-15,127.9,124.13,124.34,127.88,157243700.0
494,2020-12-16,128.37,126.56,127.41,127.81,98208600.0
495,2020-12-17,129.58,128.04,128.9,128.7,94359800.0
496,2020-12-18,129.1,126.12,128.96,126.66,192541500.0
497,2020-12-21,128.31,123.45,125.02,128.23,121251600.0
498,2020-12-22,134.41,129.65,131.61,131.88,168904800.0
499,2020-12-23,132.43,130.78,132.16,130.96,88223700.0
500,2020-12-24,133.46,131.1,131.32,131.97,54930100.0
501,2020-12-28,137.34,133.51,133.99,136.69,124486200.0
502,2020-12-29,138.79,134.34,138.05,134.87,121047300.0
503,2020-12-30,135.99,133.4,135.58,133.72,96452100.0
504,2020-12-31,134.74,131.72,134.08,132.69,99116600.0
505,2021-01-04,133.61,126.76,133.52,129.41,143301900.0
506,2021-01-05,131.74,128.43,128.89,131.01,97664900.0
507,2021-01-06,131.05,126.38,127.72,126.6,155088000.0
508,2021-01-07,131.63,127.86,128.36,130.92,109578200.0
509,2021-01-08,132.63,130.23,132.43,132.05,105158200.0
510,2021-01-11,130.17,128.5,129.19,128.98,100384500.0
511,2021-01-12,129.69,126.86,128.5,128.8,91951100.0
512,2021-01-13,131.45,128.49,128.76,130.89,88636800.0
513,2021-01-14,131.0,128.76,130.8,128.91,90221800.0
514,2021-01-15,130.22,127.0,128.78,127.14,111598500.0
515,2021-01-19,128.71,126.94,127.78,127.83,90757300.0
516,2021-01-20,132.49,128.55,128.66,132.03,104319500.0
517,2021-01-21,139.67,133.59,133.8,136.87,120150900.0
518,2021-01-22,139.85,135.02,136.28,139.07,114459400.0
519,2021-01-25,145.09,136.54,143.07,142.92,157611700.0
520,2021-01-26,144.3,141.37,143.6,143.16,98390600.0
521,2021-01-27,144.3,140.41,143.43,142.06,140843800.0
522,2021-01-28,141.99,136.7,139.52,137.09,142621100.0
523,2021-01-29,136.74,130.21,135.83,131.96,177523800.0
524,2021-02-01,135.38,130.93,133.75,134.14,106239800.0
525,2021-02-02,136.31,134.61,135.73,134.99,83305400.0
526,2021-02-03,135.77,133.61,135.76,133.94,89880900.0
527,2021-02-04,137.4,134.59,136.3,137.39,84183100.0
528,2021-02-05,137.42,135.86,137.35,136.76,75693800.0
529,2021-02-08,136.96,134.92,136.03,136.91,71297200.0
530,2021-02-09,137.88,135.85,136.62,136.01,76774200.0
531,2021-02-10,136.99,134.4,136.48,135.39,73046600.0
532,2021-02-11,136.39,133.77,135.9,135.13,64280000.0
533,2021-02-12,135.53,133.69,134.35,135.37,60145100.0
534,2021-02-16,136.01,132.79,135.49,133.19,80576300.0
535,2021-02-17,132.22,129.47,131.25,130.84,97918500.0
536,2021-02-18,130.0,127.41,129.2,129.71,96856700.0
537,2021-02-19,130.71,128.8,130.24,129.87,87668800.0
538,2021-02-22,129.72,125.6,128.01,126.0,103916400.0
539,2021-02-23,126.71,118.39,123.76,125.86,158273000.0
540,2021-02-24,125.56,122.23,124.94,125.35,111039900.0
541,2021-02-25,126.46,120.54,124.68,120.99,148199500.0
542,2021-02-26,124.85,121.2,122.59,121.26,164560400.0
543,2021-03-01,127.93,122.79,123.75,127.79,116307900.0
544,2021-03-02,128.72,125.01,128.41,125.12,102260900.0
545,2021-03-03,125.71,121.84,124.81,122.06,112966300.0
546,2021-03-04,123.6,118.62,121.75,120.13,178155000.0
547,2021-03-05,121.94,117.57,120.98,121.42,153766600.0
548,2021-03-08,121.0,116.21,120.93,116.36,154376600.0
549,2021-03-09,122.06,118.79,119.03,121.09,129525800.0
550,2021-03-10,122.17,119.45,121.69,119.98,111943300.0
551,2021-03-11,123.21,121.26,122.54,121.96,103026500.0
552,2021-03-12,121.17,119.16,120.4,121.03,88105100.0
553,2021-03-15,124.0,120.42,121.41,123.99,92403800.0
554,2021-03-16,127.22,124.72,125.7,125.57,115227900.0
555,2021-03-17,125.86,122.34,124.05,124.76,111932600.0
556,2021-03-18,123.18,120.32,122.88,120.53,121229700.0
557,2021-03-19,121.43,119.68,119.9,119.99,185549500.0
558,2021-03-22,123.87,120.26,120.33,123.39,111912300.0
559,2021-03-23,124.24,122.14,123.33,122.54,95467100.0
560,2021-03-24,122.9,120.07,122.82,120.09,88530500.0
561,2021-03-25,121.66,119.0,119.54,120.59,98844700.0
562,2021-03-26,121.48,118.92,120.35,121.21,94071200.0
563,2021-03-29,122.58,120.73,121.65,121.39,80819200.0
564,2021-03-30,120.4,118.86,120.11,119.9,85671900.0
565,2021-03-31,123.52,121.15,121.65,122.15,118323800.0
566,2021-04-01,124.18,122.49,123.66,123.0,75089100.0
567,2021-04-05,126.16,123.07,123.87,125.9,88651200.0
568,2021-04-06,127.13,125.65,126.5,126.21,80171300.0
569,2021-04-07,127.92,125.14,125.83,127.9,83466700.0
570,2021-04-08,130.39,128.52,128.95,130.36,88844600.0
571,2021-04-09,133.04,129.47,129.8,133.0,106686700.0
572,2021-04-12,132.85,130.63,132.52,131.24,91420000.0
573,2021-04-13,134.66,131.93,132.44,134.43,91266500.0
574,2021-04-14,135.0,131.66,134.94,132.03,87222800.0
575,2021-04-15,135.0,133.64,133.82,134.5,89347100.0
576,2021-04-16,134.67,133.28,134.3,134.16,84922400.0
577,2021-04-19,135.47,133.34,133.51,134.84,94264200.0
578,2021-04-20,135.53,131.81,135.02,133.11,94812300.0
579,2021-04-21,133.75,131.3,132.36,133.5,68847100.0
580,2021-04-22,134.15,131.41,133.04,131.94,84566500.0
581,2021-04-23,135.12,132.16,132.16,134.32,78657500.0
582,2021-04-26,135.06,133.56,134.83,134.72,66905100.0
583,2021-04-27,135.41,134.11,135.01,134.39,66015800.0
584,2021-04-28,135.02,133.08,134.31,133.58,107760100.0
585,2021-04-29,137.07,132.45,136.47,133.48,151101000.0
586,2021-04-30,133.56,131.07,131.78,131.46,109839500.0
587,2021-05-03,134.07,131.83,132.04,132.54,75135100.0
588,2021-05-04,131.49,126.7,131.19,127.85,137564700.0
589,2021-05-05,130.45,127.97,129.2,128.1,84000900.0
590,2021-05-06,129.75,127.13,127.89,129.74,78128300.0
591,2021-05-07,131.26,129.48,130.85,130.21,78973300.0
592,2021-05-10,129.54,126.81,129.41,126.85,88071200.0
593,2021-05-11,126.27,122.77,123.5,125.91,126142800.0
594,2021-05-12,124.64,122.25,123.4,122.77,112172300.0
595,2021-05-13,126.15,124.26,124.58,124.97,105861300.0
596,2021-05-14,127.89,125.85,126.25,127.45,81918000.0
597,2021-05-17,126.93,125.17,126.82,126.27,74244600.0
598,2021-05-18,126.99,124.78,126.56,124.85,63342900.0
599,2021-05-19,124.92,122.86,123.16,124.69,92612000.0
600,2021-05-20,127.72,125.1,125.23,127.31,76857100.0
601,2021-05-21,128.0,125.21,127.82,125.43,79295400.0
602,2021-05-24,127.94,125.94,126.01,127.1,63092900.0
603,2021-05-25,128.32,126.32,127.82,126.9,72009500.0
604,2021-05-26,127.39,126.42,126.96,126.85,56575900.0
605,2021-05-27,127.64,125.08,126.44,125.28,94625600.0
606,2021-05-28,125.8,124.55,125.57,124.61,71311100.0
607,2021-06-01,125.35,123.94,125.08,124.28,67637100.0
608,2021-06-02,125.24,124.05,124.28,125.06,59278900.0
609,2021-06-03,124.85,123.13,124.68,123.54,76229200.0
610,2021-06-04,126.16,123.85,124.07,125.89,75169300.0
611,2021-06-07,126.32,124.83,126.17,125.9,71057600.0
612,2021-06-08,128.46,126.21,126.6,126.74,74403800.0
613,2021-06-09,127.75,126.52,127.21,127.13,56877900.0
614,2021-06-10,128.19,125.94,127.02,126.11,71186400.0
615,2021-06-11,127.44,126.1,126.53,127.35,53522400.0
616,2021-06-14,130.54,127.07,127.82,130.48,96906500.0
617,2021-06-15,130.6,129.39,129.94,129.64,62746300.0
618,2021-06-16,130.89,128.46,130.37,130.15,91815000.0
619,2021-06-17,132.55,129.65,129.8,131.79,96721700.0
620,2021-06-18,131.51,130.24,130.71,130.46,108953300.0
621,2021-06-21,132.41,129.21,130.3,132.3,79663300.0
622,2021-06-22,134.08,131.62,132.13,133.98,74783600.0
623,2021-06-23,134.32,133.23,133.77,133.7,60214200.0
624,2021-06-24,134.64,132.93,134.45,133.41,68711000.0
625,2021-06-25,133.89,132.81,133.46,133.11,70783700.0
626,2021-06-28,135.25,133.35,133.41,134.78,62111300.0
627,2021-06-29,136.49,134.35,134.8,136.33,64556100.0
628,2021-06-30,137.41,135.87,136.17,136.96,63261400.0
629,2021-07-01,137.33,135.76,136.6,137.27,52485800.0
630,2021-07-02,140.0,137.75,137.9,139.96,78852600.0
631,2021-07-06,143.15,140.07,140.07,142.02,108181800.0
632,2021-07-07,144.89,142.66,143.54,144.57,104911600.0
633,2021-07-08,144.06,140.67,141.58,143.24,105575500.0
634,2021-07-09,145.65,142.65,142.75,145.11,99890800.0
635,2021-07-12,146.32,144.0,146.21,144.5,76299700.0
636,2021-07-13,147.46,143.63,144.03,145.64,100827100.0
637,2021-07-14,149.57,147.68,148.1,149.15,127050800.0
638,2021-07-15,150.0,147.09,149.24,148.48,106820300.0
639,2021-07-16,149.76,145.88,148.46,146.39,93251400.0
640,2021-07-19,144.07,141.67,143.75,142.45,121434600.0
641,2021-07-20,147.1,142.96,143.46,146.15,96350000.0
642,2021-07-21,146.13,144.63,145.53,145.4,74993500.0
643,2021-07-22,148.2,145.81,145.94,146.8,77338200.0
644,2021-07-23,148.72,146.92,147.55,148.56,71447400.0
645,2021-07-26,149.83,147.7,148.27,148.99,72434100.0
646,2021-07-27,149.21,145.55,149.12,146.77,104818600.0
647,2021-07-28,146.97,142.54,144.81,144.98,118931200.0
648,2021-07-29,146.55,144.58,144.69,145.64,56699500.0
649,2021-07-30,146.33,144.11,144.38,145.86,70382000.0
650,2021-08-02,146.95,145.25,146.36,145.52,62880000.0
651,2021-08-03,148.04,145.18,145.81,147.36,64786600.0
652,2021-08-04,147.79,146.28,147.27,146.95,56368300.0
653,2021-08-05,147.84,146.17,146.98,147.06,46397700.0
654,2021-08-06,147.11,145.63,146.35,146.14,54067400.0
655,2021-08-09,146.7,145.52,146.2,146.09,48908700.0
656,2021-08-10,147.71,145.3,146.44,145.6,69023100.0
657,2021-08-11,146.72,145.53,146.05,145.86,48493500.0
658,2021-08-12,149.05,145.84,146.19,148.89,72282600.0
659,2021-08-13,149.44,148.27,148.97,149.1,59318800.0
660,2021-08-16,151.19,146.47,148.54,151.12,103296000.0
661,2021-08-17,151.68,149.09,150.23,150.19,92229700.0
662,2021-08-18,150.72,146.15,149.8,146.36,86326000.0
663,2021-08-19,148.0,144.5,145.03,146.7,86960300.0
664,2021-08-20,148.5,146.78,147.44,148.19,59947400.0
665,2021-08-23,150.19,147.89,148.31,149.71,60131800.0
666,2021-08-24,150.86,149.15,149.45,149.62,48606400.0
667,2021-08-25,150.32,147.8,149.81,148.36,58991300.0
668,2021-08-26,149.12,147.51,148.35,147.54,48597200.0
669,2021-08-27,148.75,146.83,147.48,148.6,55721500.0
670,2021-08-30,153.49,148.61,149.0,153.12,90956700.0
671,2021-08-31,152.8,151.29,152.66,151.83,86453100.0
672,2021-09-01,154.98,152.34,152.83,152.51,80313700.0
673,2021-09-02,154.72,152.4,153.87,153.65,71115500.0
674,2021-09-03,154.63,153.09,153.76,154.3,57808700.0
675,2021-09-07,157.26,154.39,154.97,156.69,82278300.0
676,2021-09-08,157.04,153.98,156.98,155.11,74420200.0
677,2021-09-09,156.11,153.95,155.49,154.07,57305700.0
678,2021-09-10,155.48,148.7,155.0,148.97,140646400.0
679,2021-09-13,151.42,148.75,150.63,149.55,102404300.0
680,2021-09-14,151.07,146.91,150.35,148.12,109296300.0
681,2021-09-15,149.44,146.37,148.56,149.03,83281300.0
682,2021-09-16,148.97,147.22,148.44,148.79,68034100.0
683,2021-09-17,148.82,145.76,148.82,146.06,129868800.0
684,2021-09-20,144.84,141.27,143.8,142.94,123478900.0
685,2021-09-21,144.6,142.78,143.93,143.43,75834000.0
686,2021-09-22,146.43,143.7,144.45,145.85,76404300.0
687,2021-09-23,147.08,145.64,146.65,146.83,64838200.0
688,2021-09-24,147.47,145.56,145.66,146.92,53477900.0
689,2021-09-27,145.96,143.82,145.47,145.37,74150700.0
690,2021-09-28,144.75,141.69,143.25,141.91,108972300.0
691,2021-09-29,144.45,142.03,142.47,142.83,74602000.0
692,2021-09-30,144.38,141.28,143.66,141.5,88934200.0
693,2021-10-01,142.92,139.11,141.9,142.65,94639600.0
694,2021-10-04,142.21,138.27,141.76,139.14,98322000.0
695,2021-10-05,142.24,139.36,139.49,141.11,80861100.0
696,2021-10-06,142.15,138.37,139.47,142.0,83221100.0
697,2021-10-07,144.22,142.72,143.06,143.29,61732700.0
698,2021-10-08,144.18,142.56,144.03,142.9,58718700.0
699,2021-10-11,144.81,141.81,142.27,142.81,64452200.0
700,2021-10-12,143.25,141.04,143.23,141.51,73035900.0
701,2021-10-13,141.4,139.2,141.24,140.91,78762700.0
702,2021-10-14,143.88,141.51,142.11,143.76,69907100.0
703,2021-10-15,144.9,143.51,143.77,144.84,67885200.0
704,2021-10-18,146.84,143.16,143.45,146.55,85589200.0
705,2021-10-19,149.17,146.55,147.01,148.76,76378900.0
706,2021-10-20,149.75,148.12,148.7,149.26,58418800.0
707,2021-10-21,149.64,147.87,148.81,149.48,61421000.0
708,2021-10-22,150.18,148.64,149.69,148.69,58883400.0
709,2021-10-25,149.37,147.62,148.68,148.64,50720600.0
710,2021-10-26,150.84,149.01,149.33,149.32,60893400.0
711,2021-10-27,149.73,148.49,149.36,148.85,56094900.0
712,2021-10-28,153.17,149.72,149.82,152.57,100077900.0
713,2021-10-29,149.94,146.41,147.22,149.8,124850400.0
714,2021-11-01,149.7,147.8,148.99,148.96,74588300.0
715,2021-11-02,151.57,148.65,148.66,150.02,69122000.0
716,2021-11-03,151.97,149.82,150.39,151.49,54511500.0
717,2021-11-04,152.43,150.64,151.58,150.96,60394600.0
718,2021-11-05,152.2,150.06,151.89,151.28,65414600.0
719,2021-11-08,151.57,150.16,151.41,150.44,55020900.0
720,2021-11-09,151.43,150.06,150.2,150.81,56787900.0
721,2021-11-10,150.13,147.85,150.02,147.92,65187100.0
722,2021-11-11,149.43,147.68,148.96,147.87,41000000.0
723,2021-11-12,150.4,147.48,148.43,149.99,63632600.0
724,2021-11-15,151.88,149.43,150.37,150.0,59222800.0
725,2021-11-16,151.49,149.34,149.94,151.0,59256200.0
726,2021-11-17,155.0,150.99,151.0,153.49,88807000.0
727,2021-11-18,158.67,153.05,153.71,157.87,137827700.0
728,2021-11-19,161.02,156.53,157.65,160.55,117305600.0
729,2021-11-22,165.7,161.0,161.68,161.02,117467900.0
730,2021-11-23,161.8,159.06,161.12,161.41,96041900.0
731,2021-11-24,162.14,159.64,160.75,161.94,69463600.0
732,2021-11-26,160.45,156.36,159.57,156.81,76959800.0
733,2021-11-29,161.19,158.79,159.37,160.24,88748200.0
734,2021-11-30,165.52,159.92,159.99,165.3,174048100.0
735,2021-12-01,170.3,164.53,167.48,164.77,152052500.0
736,2021-12-02,164.2,157.8,158.74,163.76,136739200.0
737,2021-12-03,164.96,159.72,164.02,161.84,117938300.0
738,2021-12-06,167.88,164.28,164.29,165.32,107497000.0
739,2021-12-07,171.58,168.34,169.08,171.18,120405400.0
740,2021-12-08,175.96,170.7,172.13,175.08,116998900.0
741,2021-12-09,176.75,173.92,174.91,174.56,108923700.0
742,2021-12-10,179.63,174.69,175.21,179.45,115228100.0
743,2021-12-13,182.13,175.53,181.12,175.74,153237000.0
744,2021-12-14,177.74,172.21,175.25,174.33,139380400.0
745,2021-12-15,179.5,172.31,175.11,179.3,131063300.0
746,2021-12-16,181.14,170.75,179.28,172.26,150185800.0
747,2021-12-17,173.47,169.69,169.93,171.14,195432700.0
748,2021-12-20,170.58,167.46,168.28,169.75,107499100.0
749,2021-12-21,173.2,169.12,171.56,172.99,91185900.0
750,2021-12-22,175.86,172.15,173.04,175.64,92135300.0
751,2021-12-23,176.85,175.27,175.85,176.28,68356600.0
752,2021-12-27,180.42,177.07,177.09,180.33,74919600.0
753,2021-12-28,181.33,178.53,180.16,179.29,79144300.0
754,2021-12-29,180.63,178.14,179.33,179.38,62348900.0
755,2021-12-30,180.57,178.09,179.47,178.2,59773000.0
756,2021-12-31,179.23,177.26,178.09,177.57,64062300.0
757,2022-01-03,182.88,177.71,177.83,182.01,104487900.0
758,2022-01-04,182.94,179.12,182.63,179.7,99310400.0
759,2022-01-05,180.17,174.64,179.61,174.92,94537600.0
760,2022-01-06,175.3,171.64,172.7,172.0,96904000.0
761,2022-01-07,174.14,171.03,172.89,172.17,86580100.0
762,2022-01-10,172.5,168.17,169.08,172.19,106765600.0
763,2022-01-11,175.18,170.82,172.32,175.08,76138300.0
764,2022-01-12,177.18,174.82,176.12,175.53,74805200.0
765,2022-01-13,176.62,171.79,175.78,172.19,84505800.0
766,2022-01-14,173.78,171.09,171.34,173.07,80355000.0
767,2022-01-18,172.54,169.41,171.51,169.8,90956700.0
768,2022-01-19,171.08,165.94,170.0,166.23,94815000.0
769,2022-01-20,169.68,164.18,166.98,164.51,91420500.0
770,2022-01-21,166.33,162.3,164.42,162.41,122848900.0
771,2022-01-24,162.3,154.7,160.02,161.62,162294600.0
772,2022-01-25,162.76,157.02,158.98,159.78,115798400.0
773,2022-01-26,164.39,157.82,163.5,159.69,108275300.0
774,2022-01-27,163.84,158.28,162.45,159.22,121954600.0
775,2022-01-28,170.35,162.8,165.71,170.33,179935700.0
776,2022-01-31,175.0,169.51,170.16,174.78,115541600.0
